label,x_0,y_0,z_0,x_1,y_1,z_1,x_2,y_2,z_2,x_3,y_3,z_3,x_4,y_4,z_4,x_5,y_5,z_5,x_6,y_6,z_6,x_7,y_7,z_7,x_8,y_8,z_8,x_9,y_9,z_9,x_10,y_10,z_10,x_11,y_11,z_11,x_12,y_12,z_12,x_13,y_13,z_13,x_14,y_14,z_14,x_15,y_15,z_15,x_16,y_16,z_16,x_17,y_17,z_17,x_18,y_18,z_18,x_19,y_19,z_19,x_20,y_20,z_20
come,0.5364539623260498,0.7525820136070251,-3.4550816963019315e-07,0.5771389603614807,0.6603202223777771,0.055164020508527756,0.5971506834030151,0.6035265326499939,0.04049361124634743,0.5943512916564941,0.5564594268798828,0.015153736807405949,0.5884759426116943,0.5166534185409546,-0.01356801763176918,0.656295120716095,0.5855380892753601,-0.04054586589336395,0.6912829279899597,0.5105851888656616,-0.06429129093885422,0.6865209937095642,0.4429791271686554,-0.06879168748855591,0.6686601638793945,0.3941200077533722,-0.0688871443271637,0.6310376524925232,0.6059572100639343,-0.0804048478603363,0.5823444128036499,0.505462110042572,-0.07436580955982208,0.5595458149909973,0.5544194579124451,-0.035734210163354874,0.571455717086792,0.5907427072525024,-0.016527224332094193,0.5943679809570312,0.6190407276153564,-0.11534439027309418,0.54058837890625,0.5373563766479492,-0.0985206812620163,0.5303208827972412,0.584726870059967,-0.059012942016124725,0.5463283658027649,0.6117846369743347,-0.04678162559866905,0.5642544031143188,0.6263598799705505,-0.14669901132583618,0.5150782465934753,0.5762982368469238,-0.1259755641222,0.511374294757843,0.6078271865844727,-0.09691885113716125,0.520305871963501,0.6305575370788574,-0.08544371277093887
come,0.5776200890541077,0.8451758623123169,-3.4327612752349523e-07,0.6277880072593689,0.7635626792907715,0.041957199573516846,0.6484093070030212,0.6986457705497742,0.029086070135235786,0.6406357884407043,0.6485792994499207,0.013425556011497974,0.6294174194335938,0.6017749905586243,-0.006077753379940987,0.6953490972518921,0.6934143900871277,-0.05695582553744316,0.7002522945404053,0.595269501209259,-0.060430899262428284,0.6868531107902527,0.5344706177711487,-0.05511011928319931,0.6680314540863037,0.4915590286254883,-0.051722221076488495,0.6556097269058228,0.7055108547210693,-0.08301842212677002,0.6174502372741699,0.6099647879600525,-0.05265725404024124,0.6003658175468445,0.6565062403678894,-0.012981189414858818,0.6100963354110718,0.6909095644950867,-0.00018371296755503863,0.6113395094871521,0.7046635150909424,-0.10218892246484756,0.5777356028556824,0.6286962032318115,-0.05780402198433876,0.56899094581604,0.6785157322883606,-0.02424660138785839,0.5813539624214172,0.7062118053436279,-0.025305071845650673,0.5741179585456848,0.6982829570770264,-0.119062140583992,0.5469873547554016,0.6568267941474915,-0.07965850085020065,0.5476451516151428,0.6925629377365112,-0.054258592426776886,0.5529929399490356,0.7172109484672546,-0.051535848528146744
come,0.5673183798789978,0.7930600047111511,-3.256611762481043e-07,0.6168453693389893,0.7258938550949097,0.060161489993333817,0.6438937783241272,0.6813108921051025,0.05247172340750694,0.6477583050727844,0.637948215007782,0.03374576196074486,0.6488433480262756,0.6003414392471313,0.010789698921144009,0.6972342729568481,0.6886005997657776,-0.024190103635191917,0.7422757744789124,0.6357819437980652,-0.037760455161333084,0.7515615820884705,0.5783284902572632,-0.04101335257291794,0.7471709251403809,0.5300641655921936,-0.04251515865325928,0.6733684539794922,0.6940283179283142,-0.06276664137840271,0.6518188118934631,0.6002289056777954,-0.04613211005926132,0.6231222748756409,0.6369754076004028,-0.01216207817196846,0.6275589466094971,0.6701513528823853,0.00099080428481102,0.6409924030303955,0.6894528269767761,-0.09559271484613419,0.6130881309509277,0.6124215126037598,-0.06921758502721786,0.5937703251838684,0.6521540284156799,-0.03793279081583023,0.6025847792625427,0.679829478263855,-0.03424712270498276,0.6149641871452332,0.6809381246566772,-0.12430291622877121,0.5827686190605164,0.6372042894363403,-0.09639347344636917,0.5719650983810425,0.6659743785858154,-0.07138348370790482,0.5743812918663025,0.6875998377799988,-0.06530910730361938
come,0.32158055901527405,0.8558631539344788,-1.0687895724004193e-07,0.32065078616142273,0.7882628440856934,0.0520787350833416,0.3196081519126892,0.7437227368354797,0.05126570537686348,0.3285062313079834,0.7108574509620667,0.039544615894556046,0.33799323439598083,0.6865313053131104,0.023910317569971085,0.2690103054046631,0.73348468542099,0.0035283141769468784,0.25990375876426697,0.6738247871398926,-0.0024368104059249163,0.2561044692993164,0.636523962020874,-0.007726521231234074,0.25477033853530884,0.6050507426261902,-0.012994403019547462,0.28248196840286255,0.7436425685882568,-0.02976118214428425,0.3097907602787018,0.6893956661224365,-0.019526412710547447,0.32680395245552063,0.7236754298210144,-0.0013623947743326426,0.3240661025047302,0.744691789150238,0.003979627974331379,0.3024503290653229,0.7566126585006714,-0.05871667340397835,0.3329632878303528,0.7026441097259521,-0.04179014638066292,0.343341201543808,0.7369968295097351,-0.021477973088622093,0.3393835127353668,0.7592467665672302,-0.019533999264240265,0.3240185081958771,0.7600253820419312,-0.08408136665821075,0.3488973081111908,0.730705976486206,-0.06440221518278122,0.3556458055973053,0.7568200826644897,-0.046829916536808014,0.3527458608150482,0.7771551012992859,-0.04337293654680252
come,0.3590373396873474,0.8330668210983276,-1.5911556516812198e-08,0.34168118238449097,0.7396178841590881,0.04480645805597305,0.33958619832992554,0.6842711567878723,0.0279857125133276,0.350495845079422,0.6461815237998962,0.0067760837264359,0.3627910017967224,0.6136101484298706,-0.018715161830186844,0.29785043001174927,0.6821320056915283,-0.06735581159591675,0.2987193763256073,0.601446270942688,-0.08439904451370239,0.30062127113342285,0.5470474362373352,-0.08893129229545593,0.303779661655426,0.5078129768371582,-0.09178420901298523,0.3267908990383148,0.7010021209716797,-0.09850934892892838,0.36924055218696594,0.6177452802658081,-0.07711295038461685,0.3822561502456665,0.6568859815597534,-0.029103565961122513,0.3745880126953125,0.6816815137863159,-0.008653596043586731,0.35901570320129395,0.7201371788978577,-0.12416153401136398,0.40079015493392944,0.6476647853851318,-0.09091279655694962,0.40323078632354736,0.6854298710823059,-0.04617752879858017,0.3900406062602997,0.7121160626411438,-0.03602636605501175,0.3953307867050171,0.7317912578582764,-0.14740601181983948,0.42063120007514954,0.6853197813034058,-0.11578904837369919,0.4193689227104187,0.7105016708374023,-0.08538715541362762,0.40557679533958435,0.736253023147583,-0.07813499122858047
come,0.23239444196224213,0.8791781067848206,-6.886058656618843e-08,0.2264140248298645,0.7824034094810486,0.06797763705253601,0.22700519859790802,0.7222938537597656,0.06045844778418541,0.2414262592792511,0.6794335842132568,0.041142482310533524,0.25484395027160645,0.6473612189292908,0.017182203009724617,0.16320429742336273,0.7066332697868347,-0.026727620512247086,0.1690325140953064,0.6222610473632812,-0.02209562063217163,0.1907866895198822,0.578757107257843,-0.007149568758904934,0.21360330283641815,0.5535295605659485,0.0015393111389130354,0.18772456049919128,0.7278300523757935,-0.07079020887613297,0.22686448693275452,0.6525998115539551,-0.04250252991914749,0.24542267620563507,0.699429452419281,0.0003448888019192964,0.24031853675842285,0.7268566489219666,0.016537657007575035,0.21819442510604858,0.7477020025253296,-0.10695875436067581,0.2589046061038971,0.6748106479644775,-0.0688181072473526,0.27012017369270325,0.7226781249046326,-0.03209499269723892,0.260963499546051,0.7515555024147034,-0.02941424399614334,0.2509993016719818,0.7538617253303528,-0.1385740339756012,0.2839422821998596,0.7159793376922607,-0.10001600533723831,0.2879831790924072,0.7522373199462891,-0.07153886556625366,0.2761581242084503,0.7808902263641357,-0.06780103594064713
come,0.4259089529514313,0.8780704140663147,-1.1219788831340338e-07,0.38975369930267334,0.8046132922172546,0.049408115446567535,0.3742525577545166,0.7499990463256836,0.03854326158761978,0.3789021074771881,0.7074196338653564,0.020020607858896255,0.38546714186668396,0.6722755432128906,-0.0029402521904557943,0.33007580041885376,0.7685718536376953,-0.04055822268128395,0.30280035734176636,0.6960870623588562,-0.052879173308610916,0.2836558520793915,0.6519536972045898,-0.05723279342055321,0.26914361119270325,0.6173211336135864,-0.06125899404287338,0.35648542642593384,0.771246612071991,-0.07447017729282379,0.3706927001476288,0.6795780062675476,-0.056152310222387314,0.39428266882896423,0.7109783291816711,-0.019036730751395226,0.3937447667121887,0.7365686893463135,-0.004991265945136547,0.38864943385124207,0.7732515931129456,-0.10293808579444885,0.40671369433403015,0.6879783868789673,-0.07411991059780121,0.4211663007736206,0.7237523794174194,-0.037498198449611664,0.4168870151042938,0.7533877491950989,-0.0310102216899395,0.4228442907333374,0.7661880850791931,-0.12850795686244965,0.4349296987056732,0.7134493589401245,-0.09816445410251617,0.4433760344982147,0.7399894595146179,-0.07014121115207672,0.4394931197166443,0.7678390741348267,-0.06382980942726135
come,0.38908156752586365,0.9050584435462952,-8.726496503186354e-08,0.3724147081375122,0.8200247883796692,0.05728032812476158,0.365369975566864,0.7653805613517761,0.05016516521573067,0.3729268014431,0.7250627875328064,0.034272778779268265,0.380468487739563,0.6939308643341064,0.014905618503689766,0.30767306685447693,0.7663976550102234,-0.03320951759815216,0.2941245436668396,0.6928496360778809,-0.03040626458823681,0.3075784742832184,0.6498872637748718,-0.015116427093744278,0.32593443989753723,0.6267435550689697,-0.004510043654590845,0.3333064615726471,0.7821852564811707,-0.06992241740226746,0.36176079511642456,0.7033646702766418,-0.04446607828140259,0.3818531632423401,0.7381641268730164,-0.002995955990627408,0.37884020805358887,0.7636438608169556,0.014465085230767727,0.36319679021835327,0.7946411967277527,-0.09959942102432251,0.39234843850135803,0.7219880819320679,-0.0653991624712944,0.405023455619812,0.76225745677948,-0.03130129352211952,0.3977734446525574,0.7886669635772705,-0.02772105671465397,0.39313045144081116,0.7933874130249023,-0.1252267062664032,0.41684138774871826,0.7545635104179382,-0.09050403535366058,0.42191585898399353,0.7860093116760254,-0.06425271928310394,0.412486732006073,0.8129597306251526,-0.0599762499332428
come,0.5343741774559021,0.8593684434890747,-9.390923594310152e-08,0.5214200615882874,0.7750558853149414,0.06463699042797089,0.5098690986633301,0.7207943201065063,0.06332115828990936,0.5110672116279602,0.6809109449386597,0.04865643382072449,0.5133553147315979,0.6532077193260193,0.03041086345911026,0.440887451171875,0.7243795990943909,-0.001969427103176713,0.42287006974220276,0.6495541334152222,-0.003268191125243902,0.4326786398887634,0.607932448387146,0.0020174835808575153,0.449202299118042,0.5789989829063416,0.004623380023986101,0.46109721064567566,0.7379955649375916,-0.04459208995103836,0.4837383031845093,0.654461681842804,-0.03207099810242653,0.50914466381073,0.6876769661903381,-0.006243609357625246,0.5103707909584045,0.7120461463928223,0.003533177776262164,0.48868119716644287,0.7486823797225952,-0.08074087649583817,0.5153258442878723,0.6709263324737549,-0.0581040158867836,0.5337263941764832,0.7091121077537537,-0.030130650848150253,0.5313928127288818,0.7362319231033325,-0.026333604007959366,0.5163167715072632,0.7479038834571838,-0.11269349604845047,0.5434462428092957,0.7019385099411011,-0.08464348316192627,0.5556038022041321,0.7327806353569031,-0.05953964218497276,0.5525273084640503,0.7599054574966431,-0.05331176519393921
come,0.47927045822143555,0.898059606552124,-3.760883942049986e-07,0.5428193807601929,0.828657865524292,0.02881907857954502,0.5856234431266785,0.7809517979621887,-0.0020395114552229643,0.6030892729759216,0.7237812280654907,-0.03714728355407715,0.6097416877746582,0.6648986339569092,-0.07641759514808655,0.636014461517334,0.83110111951828,-0.1180572435259819,0.6369901299476624,0.7031989693641663,-0.1484377235174179,0.6193704605102539,0.6325673460960388,-0.13649146258831024,0.5995294451713562,0.5922247171401978,-0.12336588650941849,0.5934303998947144,0.8392550349235535,-0.15310534834861755,0.6034944653511047,0.7036804556846619,-0.18347123265266418,0.584452748298645,0.6287734508514404,-0.15501022338867188,0.5649673342704773,0.5887120366096497,-0.1345888078212738,0.5484990477561951,0.8291961550712585,-0.17945557832717896,0.556094229221344,0.6997360587120056,-0.20098836719989777,0.5450348854064941,0.623241662979126,-0.16692908108234406,0.5312280058860779,0.5819143056869507,-0.14547105133533478,0.5061181783676147,0.8072473406791687,-0.201699361205101,0.5116961002349854,0.703338623046875,-0.21970990300178528,0.5113953351974487,0.6373893022537231,-0.2048492580652237,0.5062885880470276,0.5958561301231384,-0.19287413358688354
come,0.48106813430786133,0.8803763389587402,-5.434518470792682e-07,0.5426443815231323,0.8431136608123779,0.008302005007863045,0.5909483432769775,0.7942770719528198,-0.00976932980120182,0.6131099462509155,0.7345680594444275,-0.028983725234866142,0.6079102754592896,0.6827492117881775,-0.05023403465747833,0.6426612138748169,0.8218247890472412,-0.0739840418100357,0.6416939496994019,0.6784670948982239,-0.09251449257135391,0.6036117672920227,0.6332147717475891,-0.08293282240629196,0.5758427381515503,0.6276388764381409,-0.07390259206295013,0.6106674075126648,0.8251621127128601,-0.09099731594324112,0.6088371276855469,0.6675124168395996,-0.10784534364938736,0.5742659568786621,0.6289578676223755,-0.0899060070514679,0.548180341720581,0.6272606253623962,-0.07869262248277664,0.5685381293296814,0.8161311745643616,-0.103518046438694,0.5668973922729492,0.6659635305404663,-0.11650102585554123,0.5403591394424438,0.6243478655815125,-0.0952545702457428,0.517742395401001,0.6172803044319153,-0.08316802978515625,0.5240879654884338,0.7989761829376221,-0.11441245675086975,0.5227915644645691,0.6842889189720154,-0.13190436363220215,0.5124202966690063,0.6364583373069763,-0.12791292369365692,0.5030820369720459,0.6110972166061401,-0.12361396104097366
come,0.47237086296081543,0.87196284532547,-7.310972591767495e-07,0.5070176720619202,0.766956090927124,0.030514242127537727,0.5538249611854553,0.7322752475738525,0.03678760305047035,0.5861642360687256,0.7006513476371765,0.03360748663544655,0.6083773374557495,0.6860935091972351,0.029427647590637207,0.6316482424736023,0.8139864802360535,0.025106161832809448,0.6272279024124146,0.698637068271637,0.019547056406736374,0.5886877775192261,0.6648693084716797,0.01486045029014349,0.5540165305137634,0.6600016355514526,0.012224553152918816,0.6321738362312317,0.8231078386306763,0.0021787513978779316,0.6245028376579285,0.6863375306129456,-0.002540063811466098,0.5853704810142517,0.6533364057540894,-0.005748104769736528,0.5507424473762512,0.6450738310813904,-0.008830884471535683,0.6179362535476685,0.8174166083335876,-0.0196378231048584,0.6075973510742188,0.6808549165725708,-0.0247366763651371,0.5679261684417725,0.644443929195404,-0.025150053203105927,0.5359485745429993,0.6298481225967407,-0.02755194716155529,0.592716634273529,0.7966649532318115,-0.039738044142723083,0.572230875492096,0.6932113170623779,-0.04816964268684387,0.5472844839096069,0.6513325572013855,-0.05262431874871254,0.526924729347229,0.6217567324638367,-0.055890124291181564
come,0.4873129725456238,0.8803600072860718,-5.443793043014011e-07,0.5377858281135559,0.8063971400260925,0.08292743563652039,0.5788708329200745,0.7810477614402771,0.11175406724214554,0.6019923686981201,0.7566961050033569,0.12475968897342682,0.6236293315887451,0.7324428558349609,0.1335585117340088,0.6424512267112732,0.8364947438240051,0.04088864102959633,0.7002016305923462,0.7839601635932922,0.0347306914627552,0.7226018309593201,0.7272523045539856,0.03559160605072975,0.7336972951889038,0.6809222102165222,0.03508232906460762,0.634091854095459,0.8394324779510498,-0.010571232065558434,0.7115743160247803,0.7774348258972168,-0.028799667954444885,0.738831639289856,0.7112264037132263,-0.030292406678199768,0.7522172331809998,0.6554239988327026,-0.03043581359088421,0.6164031624794006,0.8260505795478821,-0.05616535246372223,0.6890308260917664,0.7621569037437439,-0.07468175143003464,0.7164996266365051,0.702387809753418,-0.07379724830389023,0.735212504863739,0.654597282409668,-0.07294539362192154,0.5960232615470886,0.7973771095275879,-0.09373701363801956,0.6469220519065857,0.756192147731781,-0.11769208312034607,0.6771000027656555,0.7181520462036133,-0.1274012327194214,0.7045334577560425,0.6871277093887329,-0.1337333470582962
come,0.48161327838897705,0.879199743270874,-6.004407850923599e-07,0.541861355304718,0.7967817783355713,0.06702609360218048,0.5910198092460632,0.7690982818603516,0.07679375261068344,0.6218480467796326,0.7382002472877502,0.06762296706438065,0.6448641419410706,0.704972505569458,0.05254402384161949,0.6440311670303345,0.8276354074478149,0.03814956173300743,0.6630058884620667,0.7309681177139282,0.03114156611263752,0.6497830748558044,0.667786180973053,0.02696409448981285,0.6349753737449646,0.631346583366394,0.024338126182556152,0.6305668354034424,0.8277384638786316,-0.010825635865330696,0.6633319854736328,0.7221493721008301,-0.01839127019047737,0.6485906839370728,0.652232825756073,-0.01924894191324711,0.6316726803779602,0.6075432896614075,-0.01991414465010166,0.6109434962272644,0.818100094795227,-0.055470965802669525,0.6422763466835022,0.7137309908866882,-0.059577688574790955,0.6328338384628296,0.6440778970718384,-0.05051405727863312,0.6221770644187927,0.5986120700836182,-0.0461822971701622,0.5856320261955261,0.7975000739097595,-0.0955323651432991,0.61076819896698,0.7088897824287415,-0.09895099699497223,0.6134638786315918,0.6503680944442749,-0.09178261458873749,0.6131947040557861,0.6078528165817261,-0.08677095919847488
come,0.462348073720932,0.8883346319198608,-7.894768714322709e-07,0.5061720609664917,0.7961713671684265,0.040441885590553284,0.5504139065742493,0.7628278136253357,0.04619530960917473,0.5816720724105835,0.7300674915313721,0.0411781445145607,0.6006381511688232,0.708495020866394,0.0340878963470459,0.6284632682800293,0.834101676940918,0.013986222445964813,0.6214142441749573,0.7103618383407593,0.008988997898995876,0.5821658968925476,0.6795772910118103,0.010098559781908989,0.5494095087051392,0.6786665916442871,0.011528237722814083,0.6232978701591492,0.8398858904838562,-0.014407699927687645,0.6120184659957886,0.6967836022377014,-0.018357954919338226,0.5713068246841431,0.6696147322654724,-0.014366751536726952,0.5374897122383118,0.6667163372039795,-0.013734915293753147,0.6033526659011841,0.8307062983512878,-0.039841894060373306,0.5860090851783752,0.6919887661933899,-0.04202507808804512,0.5470452904701233,0.6630408763885498,-0.036834824830293655,0.517296314239502,0.6540079712867737,-0.03756842762231827,0.5739479660987854,0.8081967234611511,-0.06258320808410645,0.5546474456787109,0.7048460841178894,-0.06983838230371475,0.5314934253692627,0.6627430319786072,-0.07307056337594986,0.5135329961776733,0.6323046088218689,-0.07658199220895767
come,0.4731125235557556,0.818130612373352,-3.5069885484517727e-07,0.5395430326461792,0.7594301104545593,0.07846786826848984,0.5797975659370422,0.72818523645401,0.07604163140058517,0.5998067259788513,0.6900002956390381,0.05572574958205223,0.6134085059165955,0.6527947783470154,0.028816761448979378,0.6298547387123108,0.7645465731620789,0.008438066579401493,0.6869012117385864,0.7219757437705994,-0.003700888715684414,0.7179086804389954,0.6735427379608154,-0.011866246350109577,0.7357961535453796,0.6262825131416321,-0.018728192895650864,0.6086462736129761,0.7649087309837341,-0.04156176745891571,0.6110615730285645,0.6570568680763245,-0.02585022710263729,0.5705348253250122,0.6802424788475037,0.0020994865335524082,0.5654813647270203,0.7149183750152588,0.010882506147027016,0.5819423794746399,0.7505059242248535,-0.08580686151981354,0.5761237740516663,0.6556780934333801,-0.061541687697172165,0.5413234829902649,0.6838693022727966,-0.03515581041574478,0.5392081141471863,0.7203992605209351,-0.034875087440013885,0.5624427795410156,0.7314519286155701,-0.12462595850229263,0.5428730845451355,0.6637183427810669,-0.09667585045099258,0.5165626406669617,0.6834110021591187,-0.07315772771835327,0.5082871913909912,0.7106331586837769,-0.06892246752977371
come,0.46344059705734253,0.8306484222412109,-4.89603166897723e-07,0.5299713015556335,0.7722793817520142,0.07663624733686447,0.5698399543762207,0.7441227436065674,0.0744708776473999,0.5891848802566528,0.7050368785858154,0.05505060777068138,0.6021784543991089,0.6673412919044495,0.030320582911372185,0.6201110482215881,0.7743582725524902,0.005466022063046694,0.6660943031311035,0.7108787298202515,0.00487409858033061,0.6724981665611267,0.6549472808837891,0.013334217481315136,0.6653521656990051,0.6065883040428162,0.01741681806743145,0.598520040512085,0.7765861749649048,-0.04481137916445732,0.5955045223236084,0.6630807518959045,-0.027702705934643745,0.5537418127059937,0.6909294128417969,0.001548282103613019,0.5501378178596497,0.7276431322097778,0.0114141795784235,0.5727885961532593,0.7637180685997009,-0.08813469856977463,0.5607985258102417,0.6619399189949036,-0.061037324368953705,0.5260747075080872,0.6951181292533875,-0.032183852046728134,0.5251325368881226,0.7327196598052979,-0.03140906244516373,0.5523123741149902,0.7444433569908142,-0.12653973698616028,0.5297321081161499,0.6726566553115845,-0.10147740691900253,0.5047464966773987,0.6946222186088562,-0.08024824410676956,0.498302698135376,0.7228946089744568,-0.07744996249675751
come,0.44947588443756104,0.8502620458602905,-7.229332936731225e-07,0.512544572353363,0.803532600402832,0.0527988076210022,0.5562413334846497,0.7696482539176941,0.05295908823609352,0.5779086947441101,0.723785400390625,0.03985745087265968,0.586005687713623,0.6833080649375916,0.023990515619516373,0.6098660826683044,0.7908973693847656,0.006269493140280247,0.6300071477890015,0.6840306520462036,0.00205808412283659,0.6023057103157043,0.6352416276931763,0.004337635822594166,0.5737507343292236,0.6113495826721191,0.003987603820860386,0.5976316928863525,0.7882757186889648,-0.030902760103344917,0.5736729502677917,0.6646493077278137,-0.028889747336506844,0.5355000495910645,0.6847805380821228,-0.017684290185570717,0.5247665643692017,0.7221411466598511,-0.017605360597372055,0.5731276869773865,0.7762768864631653,-0.06290417164564133,0.5448252558708191,0.6609247922897339,-0.05231409892439842,0.5111756920814514,0.6896592378616333,-0.03429420664906502,0.5061044096946716,0.7286799550056458,-0.034508612006902695,0.5462613105773926,0.760358452796936,-0.09183871001005173,0.5191227197647095,0.6762120723724365,-0.08479075133800507,0.49335891008377075,0.693977952003479,-0.07323310524225235,0.48853790760040283,0.7233304381370544,-0.07162989675998688
come,0.48962879180908203,0.9191558957099915,-4.981660239877783e-08,0.5536665320396423,0.8480494618415833,-0.003778949612751603,0.5807947516441345,0.7689681053161621,-0.03495272248983383,0.5758193731307983,0.7022422552108765,-0.05805546045303345,0.5517957210540771,0.6463091969490051,-0.08408486843109131,0.6032080054283142,0.7830696702003479,-0.1232978105545044,0.6065279245376587,0.6571059226989746,-0.16873005032539368,0.6049108505249023,0.5782105326652527,-0.19205528497695923,0.5962517857551575,0.5157924890518188,-0.20453663170337677,0.5523015856742859,0.7951686978340149,-0.13143223524093628,0.5150231719017029,0.652854859828949,-0.14441698789596558,0.5062949657440186,0.6886915564537048,-0.1140500158071518,0.517013669013977,0.7304218411445618,-0.09940898418426514,0.4986574649810791,0.7926228046417236,-0.13644051551818848,0.47028377652168274,0.6673176288604736,-0.13926109671592712,0.4725983738899231,0.7036389112472534,-0.10156957805156708,0.485867977142334,0.7434428334236145,-0.08387285470962524,0.4535072147846222,0.7905003428459167,-0.1413228064775467,0.4349365234375,0.7012751698493958,-0.14066460728645325,0.44389045238494873,0.7285316586494446,-0.11549147963523865,0.4518202841281891,0.7608554363250732,-0.10167919099330902
come,0.48974376916885376,0.9278185367584229,-1.4023802918927686e-07,0.5511254668235779,0.8626671433448792,-0.00725284218788147,0.5795477032661438,0.7751170992851257,-0.034120891243219376,0.5745962262153625,0.6943752765655518,-0.05495920404791832,0.5519357919692993,0.6394416093826294,-0.07741738110780716,0.6070091724395752,0.79090416431427,-0.09972067922353745,0.5930782556533813,0.6522894501686096,-0.1339699625968933,0.5707355737686157,0.5787926912307739,-0.14592014253139496,0.5461907386779785,0.5286046266555786,-0.15120531618595123,0.5524330735206604,0.8025380969047546,-0.10880604386329651,0.5131479501724243,0.6549175977706909,-0.12794767320156097,0.5074495673179626,0.688133180141449,-0.10787448287010193,0.5206696391105652,0.7322935461997986,-0.09698217362165451,0.4982025623321533,0.8026456236839294,-0.11504217982292175,0.4707213044166565,0.671280026435852,-0.12636925280094147,0.4738624691963196,0.7069633603096008,-0.09662280976772308,0.48732447624206543,0.7480353713035583,-0.08032945543527603,0.45118090510368347,0.803092896938324,-0.12145005911588669,0.43502235412597656,0.7096532583236694,-0.1273709386587143,0.44446641206741333,0.7361871600151062,-0.10735722631216049,0.45398521423339844,0.7688499093055725,-0.0949501171708107
come,0.49101895093917847,0.9108394384384155,-1.3783980534753937e-07,0.5500421524047852,0.8381648063659668,-0.0009121113689616323,0.5746366381645203,0.7510549426078796,-0.03207247704267502,0.5648788809776306,0.6625449657440186,-0.05759022384881973,0.5410305857658386,0.5993227362632751,-0.08433425426483154,0.6020015478134155,0.7655319571495056,-0.11510937660932541,0.5694497227668762,0.6378102898597717,-0.12889760732650757,0.5410566926002502,0.5890588164329529,-0.11186127364635468,0.5145106315612793,0.5635141134262085,-0.09857391566038132,0.5496716499328613,0.7813663482666016,-0.12737949192523956,0.5055844783782959,0.6490468382835388,-0.13155022263526917,0.4988177418708801,0.6835674047470093,-0.0926135778427124,0.5108057856559753,0.7236034870147705,-0.07160812616348267,0.49725237488746643,0.7841302752494812,-0.13361017405986786,0.46366506814956665,0.6679900884628296,-0.1296176314353943,0.4653708040714264,0.7081307172775269,-0.08812697976827621,0.47741660475730896,0.7471526265144348,-0.07012554258108139,0.45204082131385803,0.7852880358695984,-0.1395001858472824,0.42927977442741394,0.7092903852462769,-0.1371472179889679,0.43644028902053833,0.7383252382278442,-0.11394201964139938,0.4453088045120239,0.7666723132133484,-0.10285302251577377
come,0.17063333094120026,0.8210686445236206,-8.001203468666063e-07,0.19756737351417542,0.6662315726280212,-0.07956085354089737,0.2834218144416809,0.5832654237747192,-0.07657890021800995,0.35446831583976746,0.5588359832763672,-0.02684122696518898,0.4021797776222229,0.5595500469207764,0.03204931318759918,0.36378130316734314,0.701763927936554,-0.18969327211380005,0.47441911697387695,0.617447018623352,-0.20990648865699768,0.5200782418251038,0.5274568796157837,-0.2234782874584198,0.5586374402046204,0.4576980769634247,-0.23130512237548828,0.3697221875190735,0.7609994411468506,-0.10734347999095917,0.422248512506485,0.6202016472816467,-0.06724481284618378,0.36733782291412354,0.586078405380249,-0.019185468554496765,0.33463534712791443,0.5964531302452087,-0.0021472678054124117,0.3737097680568695,0.7786157727241516,-0.02355358935892582,0.40743133425712585,0.6427836418151855,0.01522888895124197,0.34950610995292664,0.6291829347610474,0.030693989247083664,0.32096514105796814,0.65555340051651,0.023655157536268234,0.3813988268375397,0.7787615656852722,0.05673280358314514,0.3911259174346924,0.6826329231262207,0.07143297791481018,0.3565496802330017,0.6617727875709534,0.06384190917015076,0.326698899269104,0.6733561158180237,0.04949433356523514
come,0.2626424729824066,0.8659335374832153,-8.379440146200068e-07,0.3009969890117645,0.6973134279251099,-0.05188140273094177,0.3913436532020569,0.6127832531929016,-0.0339541994035244,0.4630419611930847,0.5845568180084229,0.01777808554470539,0.5119292736053467,0.5672076344490051,0.07900695502758026,0.49978727102279663,0.7368130683898926,-0.09446059912443161,0.5511477589607239,0.5855844020843506,-0.05493655428290367,0.5515760779380798,0.4994988441467285,-0.020260252058506012,0.5567735433578491,0.4390240013599396,0.001167844864539802,0.49914172291755676,0.7961496710777283,-0.0341801717877388,0.5493089556694031,0.647428035736084,0.019225023686885834,0.5071882009506226,0.5963631868362427,0.050827186554670334,0.4739346504211426,0.5801276564598083,0.060026153922080994,0.4916325807571411,0.8185542821884155,0.03115970268845558,0.531716525554657,0.6748530268669128,0.07279978692531586,0.473397821187973,0.6523157358169556,0.07052920758724213,0.4372258484363556,0.6610017418861389,0.05551533028483391,0.4892793893814087,0.8241417407989502,0.09577025473117828,0.506100594997406,0.718103289604187,0.11610502004623413,0.4722374975681305,0.6967064142227173,0.106096550822258,0.44249555468559265,0.6979851722717285,0.09187856316566467
come,0.2604859471321106,0.9283464550971985,-3.229602327792236e-07,0.23020876944065094,0.8252679109573364,-0.08547450602054596,0.2279590368270874,0.6989769339561462,-0.14382892847061157,0.2570919394493103,0.5947153568267822,-0.180600106716156,0.3030262589454651,0.526475727558136,-0.2106812298297882,0.35903558135032654,0.8243781328201294,-0.18032404780387878,0.4245728850364685,0.6458570957183838,-0.2260654717683792,0.445415198802948,0.5507131218910217,-0.23439791798591614,0.4512942433357239,0.4780348539352417,-0.23411501944065094,0.41850486397743225,0.8709425330162048,-0.1470937877893448,0.4767981767654419,0.6713954210281372,-0.19289366900920868,0.48780131340026855,0.5649785995483398,-0.19446533918380737,0.4848363995552063,0.4888337254524231,-0.1939663141965866,0.4555460810661316,0.8881372213363647,-0.1127491295337677,0.5049437880516052,0.7052339315414429,-0.1525823175907135,0.5083357095718384,0.6039898991584778,-0.1521894335746765,0.5034633874893188,0.529763400554657,-0.14880815148353577,0.4750714898109436,0.883965253829956,-0.08221311867237091,0.5233457088470459,0.7599775195121765,-0.11574357748031616,0.5385140776634216,0.6783985495567322,-0.1228724867105484,0.5498315095901489,0.6122865676879883,-0.12402728199958801
come,0.24636809527873993,0.9112244844436646,6.419949158953386e-07,0.2059965431690216,0.7962219715118408,-0.11203153431415558,0.1991509646177292,0.674748957157135,-0.18908952176570892,0.22387197613716125,0.5730652809143066,-0.2392633557319641,0.27524539828300476,0.5012935400009155,-0.28744930028915405,0.32888633012771606,0.7896190881729126,-0.2370377779006958,0.4404338598251343,0.6514358520507812,-0.30991649627685547,0.5072445869445801,0.5751079320907593,-0.344200074672699,0.565270721912384,0.5188244581222534,-0.3620670735836029,0.39158472418785095,0.8426454663276672,-0.19454635679721832,0.5103363990783691,0.6882743835449219,-0.2653713524341583,0.5797646045684814,0.5909854173660278,-0.28953418135643005,0.6324794292449951,0.515633225440979,-0.30362576246261597,0.4316549003124237,0.8647856712341309,-0.1498858779668808,0.5293256640434265,0.7224361300468445,-0.20276208221912384,0.5912297964096069,0.6303399205207825,-0.22111785411834717,0.6354042291641235,0.5628925561904907,-0.2303338199853897,0.4533575773239136,0.8588204383850098,-0.11024565249681473,0.5217348337173462,0.7518496513366699,-0.15190701186656952,0.5636676549911499,0.6823014616966248,-0.16915278136730194,0.597279965877533,0.630557656288147,-0.17764878273010254
come,0.22401779890060425,0.8943684697151184,-6.636129228354548e-07,0.19668294489383698,0.7775407433509827,-0.05714898556470871,0.1835218071937561,0.6525470614433289,-0.10592201352119446,0.20169037580490112,0.5446370840072632,-0.13685095310211182,0.2517763376235962,0.48864519596099854,-0.16117863357067108,0.2953476309776306,0.7608262896537781,-0.17149731516838074,0.35515645146369934,0.5660390853881836,-0.18887032568454742,0.3304052948951721,0.5289982557296753,-0.16458414494991302,0.3044703006744385,0.5384737253189087,-0.14508992433547974,0.3600088357925415,0.8108368515968323,-0.14736859500408173,0.40704959630966187,0.598497748374939,-0.166999951004982,0.3673264682292938,0.5758401155471802,-0.14240074157714844,0.3362506926059723,0.6034521460533142,-0.12841534614562988,0.40609848499298096,0.8402205109596252,-0.11671551316976547,0.44417810440063477,0.6407989263534546,-0.1278224140405655,0.4016784429550171,0.6280871629714966,-0.100030817091465,0.3730323314666748,0.6590365171432495,-0.08644817024469376,0.4356656074523926,0.8487452268600464,-0.087943434715271,0.46086782217025757,0.6989166140556335,-0.10528498888015747,0.4276789426803589,0.6865351796150208,-0.09556496888399124,0.4076336622238159,0.7141696810722351,-0.08809211105108261
come,0.23090273141860962,0.8922550082206726,3.1446958814740356e-07,0.19401001930236816,0.772515058517456,-0.09354421496391296,0.17692361772060394,0.65802001953125,-0.16543936729431152,0.19014056026935577,0.5567240118980408,-0.2097853422164917,0.24035246670246124,0.4856341481208801,-0.24987223744392395,0.3032316565513611,0.742280900478363,-0.25022730231285095,0.3815605640411377,0.5639881491661072,-0.2966788411140442,0.4242340624332428,0.47006088495254517,-0.2904600203037262,0.45472365617752075,0.3975631594657898,-0.27897879481315613,0.36777830123901367,0.7910560369491577,-0.20745207369327545,0.4446091949939728,0.5922532677650452,-0.25989091396331787,0.480827271938324,0.48418867588043213,-0.2474408894777298,0.49919968843460083,0.4028233289718628,-0.23368115723133087,0.41164493560791016,0.8159928321838379,-0.15786316990852356,0.47725921869277954,0.6354307532310486,-0.19818809628486633,0.5031840801239014,0.5313485860824585,-0.18833675980567932,0.5151090025901794,0.4491817355155945,-0.17708295583724976,0.4364777207374573,0.8220999240875244,-0.1106518879532814,0.4791441857814789,0.6985432505607605,-0.14116092026233673,0.49632707238197327,0.6159243583679199,-0.1421363651752472,0.5068172812461853,0.549120306968689,-0.1380576193332672
come,0.2170831263065338,0.8888366222381592,-7.352259672188666e-07,0.1910187005996704,0.7678304314613342,-0.05269552394747734,0.18433183431625366,0.6422411799430847,-0.09504447877407074,0.21077251434326172,0.5334112644195557,-0.12094384431838989,0.2622397243976593,0.48120152950286865,-0.1392671912908554,0.3047358989715576,0.7496933937072754,-0.1498623490333557,0.3579866290092468,0.5678126215934753,-0.15978366136550903,0.3257942199707031,0.5346701741218567,-0.13217872381210327,0.2950073182582855,0.5467752814292908,-0.11127545684576035,0.3663177490234375,0.7991963624954224,-0.12557479739189148,0.40787115693092346,0.5957449674606323,-0.1405656337738037,0.364096075296402,0.5683166980743408,-0.11588455736637115,0.3309684097766876,0.5920211672782898,-0.10144446045160294,0.4080013632774353,0.8316988945007324,-0.09520009160041809,0.44137245416641235,0.6412918567657471,-0.10371411591768265,0.39691632986068726,0.6231634020805359,-0.07768060266971588,0.3657415509223938,0.6493595242500305,-0.06446187198162079,0.43294134736061096,0.8473216891288757,-0.06658903509378433,0.4554494619369507,0.7095975875854492,-0.08181571960449219,0.4228021502494812,0.6938518285751343,-0.0738723948597908,0.40229547023773193,0.7155261039733887,-0.06706959754228592
come,0.21390695869922638,0.9106573462486267,5.589743068412645e-07,0.1789221167564392,0.7710230946540833,-0.10331013798713684,0.1670118272304535,0.63849276304245,-0.18224863708019257,0.1849418580532074,0.5256965160369873,-0.22886614501476288,0.2412017583847046,0.44472718238830566,-0.26716938614845276,0.30020424723625183,0.7314848303794861,-0.2796732783317566,0.4201127290725708,0.5885466933250427,-0.32917192578315735,0.46268653869628906,0.4861469864845276,-0.311964750289917,0.4729383587837219,0.40757283568382263,-0.28650176525115967,0.3675069808959961,0.7974553108215332,-0.22748062014579773,0.4889124631881714,0.628695547580719,-0.28726595640182495,0.5250861644744873,0.5166472792625427,-0.261160284280777,0.5277704000473022,0.4335423707962036,-0.22987280786037445,0.4131704270839691,0.8328641057014465,-0.1668221354484558,0.512863278388977,0.6704133152961731,-0.208762064576149,0.5419785976409912,0.566794753074646,-0.1783529818058014,0.5471923351287842,0.4874246120452881,-0.14613676071166992,0.4377565085887909,0.840117335319519,-0.1089378073811531,0.5105081796646118,0.7286394238471985,-0.13654515147209167,0.5438586473464966,0.6526473164558411,-0.12461413443088531,0.5635300278663635,0.5900753736495972,-0.105711929500103
come,0.2144506722688675,0.9197167754173279,-3.0739164458282175e-07,0.18197385966777802,0.7895513772964478,-0.06474249809980392,0.17600400745868683,0.651423454284668,-0.11273674666881561,0.20314852893352509,0.5326012372970581,-0.14076966047286987,0.256868839263916,0.4550958275794983,-0.15745341777801514,0.3254563808441162,0.7318785190582275,-0.17599187791347504,0.40720823407173157,0.5432128310203552,-0.19125142693519592,0.4062204957008362,0.4793054461479187,-0.15329904854297638,0.3830926716327667,0.4675160050392151,-0.11792945861816406,0.3956030011177063,0.7921283841133118,-0.1432158201932907,0.4915866255760193,0.5892360210418701,-0.17648518085479736,0.47169986367225647,0.5112690925598145,-0.14415962994098663,0.43124598264694214,0.48819413781166077,-0.11042536050081253,0.4357995092868805,0.8303186893463135,-0.10418497025966644,0.5275225043296814,0.6487470269203186,-0.13010349869728088,0.5079173445701599,0.56815505027771,-0.1002296656370163,0.4706915616989136,0.5346963405609131,-0.07022864371538162,0.4490785002708435,0.8530128002166748,-0.06618378311395645,0.5128114223480225,0.7195960879325867,-0.08543968945741653,0.503083348274231,0.6436722278594971,-0.07382889091968536,0.47641003131866455,0.6024778485298157,-0.05622949078679085
come,0.6113000512123108,0.8463327288627625,-3.0304315146167937e-07,0.6663072109222412,0.7752779722213745,-0.01786181703209877,0.7100805044174194,0.6845113635063171,-0.056146714836359024,0.7377340793609619,0.6138210296630859,-0.08696198463439941,0.7704900503158569,0.5448985695838928,-0.12044832855463028,0.7365071177482605,0.6932333111763,-0.15079152584075928,0.6867520213127136,0.548211395740509,-0.1899794638156891,0.6441522240638733,0.48312318325042725,-0.18782660365104675,0.6099003553390503,0.4500817358493805,-0.18189281225204468,0.6902413368225098,0.7280174493789673,-0.16242720186710358,0.6352679133415222,0.5637735724449158,-0.19998100399971008,0.5935685634613037,0.49940717220306396,-0.18446041643619537,0.5638652443885803,0.4737953543663025,-0.17571955919265747,0.6337258815765381,0.7457934021949768,-0.16931800544261932,0.5821320414543152,0.5885472893714905,-0.20025087893009186,0.551782488822937,0.5258958339691162,-0.17833426594734192,0.5329556465148926,0.49651482701301575,-0.1653205007314682,0.5771633386611938,0.7517319917678833,-0.17527467012405396,0.5395761728286743,0.6262533664703369,-0.2044295072555542,0.5213178396224976,0.5600215196609497,-0.19989541172981262,0.506407618522644,0.5154403448104858,-0.19532737135887146
come,0.611911952495575,0.8597440123558044,-3.218556798856298e-07,0.6603611707687378,0.775481104850769,-0.007415084633976221,0.7000597715377808,0.6711541414260864,-0.031215835362672806,0.7221311330795288,0.5903706550598145,-0.05118740350008011,0.7510482668876648,0.5315749645233154,-0.0717472955584526,0.7063676118850708,0.6722837090492249,-0.09975747019052505,0.6216806173324585,0.5444936752319336,-0.12309474498033524,0.5997646450996399,0.5580437779426575,-0.11153142899274826,0.6079485416412354,0.5894619822502136,-0.09886731207370758,0.6619552969932556,0.7117601037025452,-0.1086074560880661,0.5745230317115784,0.5699771642684937,-0.13201621174812317,0.5582797527313232,0.582163393497467,-0.109908826649189,0.5719640254974365,0.6143932342529297,-0.09489431977272034,0.6125388145446777,0.7440715432167053,-0.11353371292352676,0.5340883731842041,0.6068434715270996,-0.1333666741847992,0.5245028138160706,0.613349437713623,-0.10518213361501694,0.5395320653915405,0.6467771530151367,-0.08592407405376434,0.5640658736228943,0.7680531144142151,-0.11738067865371704,0.5110330581665039,0.6571483016014099,-0.1360182762145996,0.5102624297142029,0.6511273384094238,-0.12506864964962006,0.5267830491065979,0.6685940027236938,-0.11447805166244507
come,0.6123286485671997,0.8798717260360718,2.0238083209278557e-07,0.6536603569984436,0.7726931571960449,-0.05036044493317604,0.6739122867584229,0.6801615953445435,-0.11707241833209991,0.6873169541358948,0.6207025647163391,-0.16788144409656525,0.7098453640937805,0.5587236881256104,-0.2220311015844345,0.6728271245956421,0.7124036550521851,-0.2350531667470932,0.5969379544258118,0.6131938695907593,-0.3061615824699402,0.545996367931366,0.5477597713470459,-0.32760199904441833,0.49893897771835327,0.5080230832099915,-0.3367730975151062,0.6308066844940186,0.7703141570091248,-0.23438991606235504,0.5545988082885742,0.6604574918746948,-0.3111954629421234,0.5005393624305725,0.5845582485198975,-0.32312941551208496,0.4543803036212921,0.5370755195617676,-0.333120733499527,0.5869610905647278,0.8092433214187622,-0.22602514922618866,0.512657105922699,0.7065852284431458,-0.2895091474056244,0.4669671654701233,0.6254999041557312,-0.2928382456302643,0.43246760964393616,0.5725758671760559,-0.29476451873779297,0.5443477034568787,0.8316695690155029,-0.2164052575826645,0.4833065867424011,0.7442651391029358,-0.26137229800224304,0.45126157999038696,0.6791737675666809,-0.2676633894443512,0.42604386806488037,0.6355263590812683,-0.2725657820701599
come,0.3533095121383667,0.6868973970413208,-8.015672960937081e-07,0.4494231343269348,0.6340209245681763,-0.051697392016649246,0.5249478220939636,0.6139094829559326,-0.09224239736795425,0.5788673162460327,0.6016175150871277,-0.12231162190437317,0.6376789808273315,0.588039219379425,-0.1552649438381195,0.5339722037315369,0.72427898645401,-0.14107646048069,0.5357512831687927,0.5605501532554626,-0.19803737103939056,0.5197741985321045,0.4555661082267761,-0.22087807953357697,0.5106267929077148,0.3792465031147003,-0.23308870196342468,0.4683196246623993,0.7345613241195679,-0.14129738509655,0.4776614308357239,0.5590679049491882,-0.20183521509170532,0.4715365767478943,0.4441763162612915,-0.22254905104637146,0.47033944725990295,0.36134445667266846,-0.23990583419799805,0.40613552927970886,0.7169148921966553,-0.14096955955028534,0.4131273627281189,0.5421482920646667,-0.20268864929676056,0.4160376489162445,0.4299318492412567,-0.2137613147497177,0.4184020161628723,0.3526683449745178,-0.2195606380701065,0.3525499701499939,0.6788906455039978,-0.14162451028823853,0.3596925437450409,0.5369930267333984,-0.19341860711574554,0.3695230484008789,0.4547756314277649,-0.20607613027095795,0.38206011056900024,0.39538443088531494,-0.2126891165971756
come,0.3564489483833313,0.6601941585540771,-6.096829565649386e-07,0.44973480701446533,0.6050630807876587,-0.033794667571783066,0.5190711617469788,0.5782513618469238,-0.06836774200201035,0.572540819644928,0.5632445812225342,-0.0951855257153511,0.6305545568466187,0.5526481866836548,-0.12298255413770676,0.528347373008728,0.6719859838485718,-0.12126151472330093,0.517815351486206,0.5097854137420654,-0.15316243469715118,0.49494653940200806,0.43902820348739624,-0.14974629878997803,0.4858093559741974,0.4160332679748535,-0.14485174417495728,0.46971115469932556,0.6819705367088318,-0.1240467056632042,0.45811787247657776,0.5090939998626709,-0.15286414325237274,0.44717323780059814,0.4343504309654236,-0.13929060101509094,0.44015052914619446,0.39142826199531555,-0.13381125032901764,0.41199085116386414,0.6677055358886719,-0.12565326690673828,0.4018101692199707,0.504702627658844,-0.15361788868904114,0.4014037549495697,0.4400625228881836,-0.13344304263591766,0.40439170598983765,0.406649112701416,-0.12281729280948639,0.3610178232192993,0.6383950710296631,-0.12911033630371094,0.352597177028656,0.5130701661109924,-0.1576697826385498,0.3586116433143616,0.4575246274471283,-0.1546572595834732,0.36618471145629883,0.4224487543106079,-0.15104766190052032
come,0.4166789948940277,0.7086207866668701,-7.535386998824833e-07,0.4964551627635956,0.6374438405036926,-0.04584989696741104,0.5674189925193787,0.6089444756507874,-0.07573197782039642,0.6197161078453064,0.596057653427124,-0.09618299454450607,0.669710099697113,0.5739825963973999,-0.11864504218101501,0.5676802396774292,0.6948195099830627,-0.11133401095867157,0.540511965751648,0.5521349906921387,-0.1536087691783905,0.5150883793830872,0.4714842140674591,-0.16936622560024261,0.5002154111862183,0.41426873207092285,-0.17706817388534546,0.5125479698181152,0.7168965935707092,-0.10716208815574646,0.4885982573032379,0.5651504397392273,-0.15310220420360565,0.4740973711013794,0.4785127639770508,-0.17022103071212769,0.46439623832702637,0.4100358188152313,-0.18496312201023102,0.4614821672439575,0.7162695527076721,-0.10266217589378357,0.437738835811615,0.5660162568092346,-0.15087780356407166,0.4287912845611572,0.47640150785446167,-0.16111111640930176,0.4232802391052246,0.4100421667098999,-0.16649095714092255,0.4173690974712372,0.6958734393119812,-0.09938862174749374,0.4071776866912842,0.5752711892127991,-0.1391928642988205,0.4057987928390503,0.5045477151870728,-0.14927048981189728,0.40817132592201233,0.44751518964767456,-0.15440727770328522
come,0.3787945508956909,0.6391406059265137,-7.283601348717639e-07,0.4544564485549927,0.5628865957260132,-0.005918104201555252,0.5285335779190063,0.5606392621994019,-0.02188064530491829,0.5830296874046326,0.563583254814148,-0.038724202662706375,0.6342282295227051,0.5554513335227966,-0.059010639786720276,0.5627974271774292,0.6807717084884644,-0.06498038023710251,0.5881012082099915,0.5631548166275024,-0.10251619666814804,0.5800082087516785,0.48711705207824707,-0.11886810511350632,0.5680513381958008,0.4339665174484253,-0.1274603307247162,0.5325384140014648,0.6881399154663086,-0.08208584040403366,0.5590112805366516,0.5575364828109741,-0.12287422269582748,0.5489975810050964,0.471436470746994,-0.13909047842025757,0.5388932228088379,0.4141666293144226,-0.1511550098657608,0.49510982632637024,0.675706684589386,-0.09817250072956085,0.5201329588890076,0.5492269992828369,-0.13863012194633484,0.5121214985847473,0.46204131841659546,-0.1496482938528061,0.5038096308708191,0.4061201810836792,-0.15561443567276,0.45584458112716675,0.6489671468734741,-0.11291300505399704,0.479478120803833,0.5481183528900146,-0.14724388718605042,0.4836622178554535,0.47940635681152344,-0.16032975912094116,0.48786064982414246,0.4305689334869385,-0.16794757544994354
come,0.39200112223625183,0.6700907945632935,-5.875652391296171e-07,0.4578075408935547,0.6090933680534363,-0.0002271257108077407,0.5243191123008728,0.5604703426361084,-0.016132423654198647,0.5780820846557617,0.5230019688606262,-0.031580857932567596,0.629610538482666,0.4944183826446533,-0.0475953035056591,0.5681532025337219,0.5824886560440063,-0.06098639965057373,0.5294696092605591,0.4506784975528717,-0.07890229672193527,0.4906332194805145,0.4429600238800049,-0.07315640151500702,0.4775266647338867,0.45851731300354004,-0.0676349624991417,0.5372098088264465,0.5926376581192017,-0.07338549941778183,0.496175080537796,0.45600077509880066,-0.0902620181441307,0.4610929787158966,0.4465179145336151,-0.07698521763086319,0.4436187744140625,0.4601621627807617,-0.07122936099767685,0.4953603446483612,0.5923750400543213,-0.08363019675016403,0.4565107524394989,0.46440407633781433,-0.09850123524665833,0.42665234208106995,0.4524926245212555,-0.08142116665840149,0.4109923541545868,0.4651529788970947,-0.07324710488319397,0.4515440762042999,0.5886544585227966,-0.09330583363771439,0.42542320489883423,0.49081331491470337,-0.10935118049383163,0.40621572732925415,0.47194430232048035,-0.10703170299530029,0.3962779641151428,0.47023603320121765,-0.10510759055614471
come,0.6951732635498047,0.7719511985778809,6.283109428295575e-07,0.5807785987854004,0.679806113243103,-0.038160957396030426,0.4750438928604126,0.6773470640182495,-0.08584614098072052,0.3970980942249298,0.6944377422332764,-0.12678255140781403,0.309656023979187,0.7127252817153931,-0.16918374598026276,0.4377908706665039,0.8053260445594788,-0.17249563336372375,0.4292072057723999,0.6367854475975037,-0.2689487338066101,0.4446823298931122,0.5116715431213379,-0.3141178488731384,0.4538128972053528,0.41560518741607666,-0.3381785750389099,0.5034694075584412,0.8346668481826782,-0.19215640425682068,0.48811081051826477,0.6404843330383301,-0.29670751094818115,0.49469250440597534,0.4944559335708618,-0.32720279693603516,0.5006702542304993,0.3866000771522522,-0.34431713819503784,0.5727460980415344,0.8320140242576599,-0.21190717816352844,0.5583508014678955,0.6508585214614868,-0.3177168369293213,0.5526705980300903,0.5012512803077698,-0.3410896360874176,0.546537458896637,0.38644397258758545,-0.3464764952659607,0.6358851194381714,0.8059433698654175,-0.23040570318698883,0.6264227628707886,0.6718646883964539,-0.3158651292324066,0.6203609108924866,0.5619490742683411,-0.3412345349788666,0.6104629635810852,0.4732576906681061,-0.3521278500556946
come,0.7196841835975647,0.7474134564399719,-8.405097062791356e-09,0.5796579122543335,0.6640141010284424,-0.02331850863993168,0.4572673439979553,0.6527808904647827,-0.04128870740532875,0.3683058023452759,0.6667415499687195,-0.05864008143544197,0.2792707085609436,0.6958105564117432,-0.07337336242198944,0.429097443819046,0.7812106609344482,-0.05329502001404762,0.43627581000328064,0.5718439817428589,-0.09953832626342773,0.47400709986686707,0.4901955723762512,-0.12168468534946442,0.4969121515750885,0.4555584192276001,-0.13301028311252594,0.49047520756721497,0.8006383180618286,-0.0629262924194336,0.4945162236690521,0.5608603358268738,-0.10062846541404724,0.5269157290458679,0.49531617760658264,-0.11047250777482986,0.5531160235404968,0.47334593534469604,-0.11988569051027298,0.5618780851364136,0.7964385747909546,-0.0756596177816391,0.5598412156105042,0.5767970085144043,-0.11648272722959518,0.5821075439453125,0.5194911956787109,-0.12006978690624237,0.6019960641860962,0.49933022260665894,-0.11990324407815933,0.62937331199646,0.7747493386268616,-0.09013685584068298,0.6214023232460022,0.6177666187286377,-0.12443439662456512,0.6225816011428833,0.5408085584640503,-0.131179541349411,0.626762866973877,0.488834947347641,-0.13201864063739777
come,0.651374876499176,0.6862515211105347,1.0856167165229635e-07,0.5844967365264893,0.6315090656280518,-0.016446946188807487,0.5197501182556152,0.6244431138038635,-0.028897453099489212,0.46886757016181946,0.6315656304359436,-0.03978298604488373,0.41902968287467957,0.6367179751396179,-0.050022225826978683,0.4907425343990326,0.6899551153182983,-0.043112803250551224,0.5016459822654724,0.5956080555915833,-0.07715610414743423,0.5209951400756836,0.5360994338989258,-0.09561393409967422,0.5336280465126038,0.4941886365413666,-0.10575266927480698,0.521587073802948,0.711124062538147,-0.04940492659807205,0.5321658849716187,0.6010140776634216,-0.08458227664232254,0.5466150045394897,0.5351334810256958,-0.0969710499048233,0.5602412223815918,0.4874909520149231,-0.10408684611320496,0.5607156157493591,0.7172425985336304,-0.05729161947965622,0.5687788128852844,0.6118969917297363,-0.09559817612171173,0.5770289897918701,0.5423203110694885,-0.10516408085823059,0.5848548412322998,0.4890900254249573,-0.10665298253297806,0.6001736521720886,0.7112836837768555,-0.0657106339931488,0.603912353515625,0.6279512643814087,-0.09878762811422348,0.6097556352615356,0.5724866986274719,-0.10901899635791779,0.614162266254425,0.5275938510894775,-0.11173200607299805
come,0.7423949837684631,0.6257025599479675,-1.3464460835166392e-07,0.6512333750724792,0.5684512853622437,-0.017454974353313446,0.5682706832885742,0.5494159460067749,-0.03870869800448418,0.5083249807357788,0.5473336577415466,-0.057728782296180725,0.45233941078186035,0.5639745593070984,-0.07293438911437988,0.5495516657829285,0.637717604637146,-0.06947026401758194,0.5528469085693359,0.4807931184768677,-0.0993402972817421,0.5905165076255798,0.4562511444091797,-0.1019861251115799,0.6038891673088074,0.46860432624816895,-0.10255421698093414,0.5981796383857727,0.6489116549491882,-0.07793915271759033,0.5993704199790955,0.4733808636665344,-0.10361986607313156,0.6311070322990417,0.4597949683666229,-0.09458616375923157,0.6426424384117126,0.4741179645061493,-0.09142500907182693,0.6512154340744019,0.6425511837005615,-0.08688381314277649,0.6458529233932495,0.47659456729888916,-0.11142455041408539,0.6658183336257935,0.46594399213790894,-0.09879337251186371,0.6750556230545044,0.4763030707836151,-0.0919950008392334,0.6993286609649658,0.6227582693099976,-0.0972854420542717,0.6935063600540161,0.4968947172164917,-0.11900656670331955,0.6939439177513123,0.4579354524612427,-0.11922290921211243,0.6943166255950928,0.43785956501960754,-0.11898940056562424
come,0.35664352774620056,0.802678108215332,-8.024356645819353e-08,0.41571447253227234,0.7461649179458618,0.003522701794281602,0.4397192597389221,0.6640098690986633,-0.0075306277722120285,0.4291098117828369,0.5956335663795471,-0.019388291984796524,0.4037976562976837,0.5522221326828003,-0.03319902345538139,0.4719955325126648,0.6556140184402466,-0.03703458607196808,0.5100789666175842,0.5612147450447083,-0.06295287609100342,0.5166420340538025,0.4931875765323639,-0.07610063254833221,0.5143328905105591,0.44048476219177246,-0.0837731584906578,0.43773189187049866,0.6484774351119995,-0.04809270426630974,0.4024428725242615,0.5485744476318359,-0.07335688918828964,0.3853742480278015,0.5743815302848816,-0.07129117846488953,0.3911309838294983,0.6080706119537354,-0.06772872060537338,0.39471396803855896,0.644516110420227,-0.05747249349951744,0.35923290252685547,0.5649343729019165,-0.07524286955595016,0.3518064618110657,0.5954912304878235,-0.06128522381186485,0.362410306930542,0.6252903938293457,-0.049942225217819214,0.35400626063346863,0.6457440257072449,-0.06632985919713974,0.32678383588790894,0.5921762585639954,-0.07395587861537933,0.3225539028644562,0.6165309548377991,-0.06136058270931244,0.3312898278236389,0.6397889852523804,-0.05023249611258507
come,0.3606172204017639,0.7330825924873352,-2.8815782115998445e-07,0.42275288701057434,0.682286262512207,0.005852756556123495,0.45433712005615234,0.6029379963874817,-0.002331805881112814,0.4453059434890747,0.5336636900901794,-0.011744211427867413,0.4205593466758728,0.4958896338939667,-0.0212345439940691,0.49379199743270874,0.5913829207420349,-0.02894163504242897,0.5025578737258911,0.4739985764026642,-0.045509591698646545,0.47847428917884827,0.41904935240745544,-0.0498664528131485,0.45264503359794617,0.38975465297698975,-0.051229991018772125,0.4613093137741089,0.5846295952796936,-0.03929493576288223,0.41529780626296997,0.4766167402267456,-0.052709098905324936,0.39953935146331787,0.5031934380531311,-0.04807170480489731,0.40980064868927,0.5379640460014343,-0.04590743035078049,0.42096206545829773,0.5775805711746216,-0.048114024102687836,0.3730166554450989,0.49708160758018494,-0.05383187159895897,0.36573582887649536,0.5272747874259949,-0.043468814343214035,0.3794577717781067,0.5568140149116516,-0.03939209133386612,0.37969979643821716,0.5729501843452454,-0.05687061324715614,0.3443424701690674,0.5210573673248291,-0.05913177877664566,0.3368346393108368,0.5430063605308533,-0.05139387026429176,0.34386131167411804,0.565336287021637,-0.04642428457736969
come,0.4001407325267792,0.7475218772888184,-3.3365253671036044e-07,0.46716687083244324,0.694564938545227,0.012210993096232414,0.4999667704105377,0.6183499693870544,-0.004645375534892082,0.4925225079059601,0.5427994132041931,-0.023689808323979378,0.4721338152885437,0.49727118015289307,-0.04385189339518547,0.5373644232749939,0.60549396276474,-0.049978721886873245,0.5314326286315918,0.4884590804576874,-0.06238038092851639,0.5026261210441589,0.4447874128818512,-0.05626125633716583,0.4740599989891052,0.43114638328552246,-0.05178007110953331,0.5015249848365784,0.6036959290504456,-0.06779593974351883,0.45768439769744873,0.48475492000579834,-0.07715202867984772,0.4387606084346771,0.5166648030281067,-0.06062442809343338,0.44423753023147583,0.5563461184501648,-0.05284619331359863,0.4595169723033905,0.6005347371101379,-0.08169175684452057,0.4148098826408386,0.5068644881248474,-0.08158810436725616,0.4069371819496155,0.5447245836257935,-0.059300921857357025,0.41753995418548584,0.5804698467254639,-0.05196592956781387,0.4177529811859131,0.5998333096504211,-0.09505689144134521,0.38349270820617676,0.5396189093589783,-0.09583350270986557,0.3782879710197449,0.568019449710846,-0.08355742692947388,0.3863271474838257,0.5938222408294678,-0.07822165638208389
come,0.35673314332962036,0.7720561027526855,-1.348978315718341e-07,0.4199788272380829,0.7175929546356201,0.0020912669133394957,0.45012804865837097,0.6408207416534424,-0.013981331139802933,0.4408297836780548,0.5732653141021729,-0.03050553984940052,0.41718101501464844,0.5320392847061157,-0.0488414503633976,0.4938076436519623,0.6376279592514038,-0.05024164915084839,0.5258456468582153,0.537999153137207,-0.07666309177875519,0.5370417833328247,0.470905601978302,-0.09016340970993042,0.5443121194839478,0.41519424319267273,-0.09994300454854965,0.46269166469573975,0.6344506740570068,-0.06468511372804642,0.42199110984802246,0.5263872742652893,-0.08666697889566422,0.40065085887908936,0.55336993932724,-0.08065425604581833,0.408016562461853,0.5867609977722168,-0.07791426032781601,0.42128172516822815,0.627566397190094,-0.07784232497215271,0.37779727578163147,0.5396747589111328,-0.09015163779258728,0.366408109664917,0.5738983750343323,-0.07424359023571014,0.37998342514038086,0.6052261590957642,-0.06660587340593338,0.3805181086063385,0.622513473033905,-0.09168165177106857,0.3443605303764343,0.5619196891784668,-0.09815861284732819,0.33753645420074463,0.5847792029380798,-0.08794540166854858,0.3456971347332001,0.6082143187522888,-0.081614188849926
come,0.4093537926673889,0.7110404968261719,-5.41195220193913e-07,0.472433865070343,0.6807035803794861,-0.0060816435143351555,0.534375011920929,0.6549683809280396,-0.02748633734881878,0.5808839797973633,0.6395265460014343,-0.04647752642631531,0.6271638870239258,0.6311367154121399,-0.06825977563858032,0.5615660548210144,0.7130372524261475,-0.09543364495038986,0.5833238959312439,0.5973432064056396,-0.13165909051895142,0.5780682563781738,0.528161346912384,-0.13988210260868073,0.5661948919296265,0.47729921340942383,-0.14268076419830322,0.5299374461174011,0.7205153703689575,-0.10936351865530014,0.5512205958366394,0.5893785953521729,-0.14516231417655945,0.5485626459121704,0.5144721865653992,-0.14685213565826416,0.5378294587135315,0.46189993619918823,-0.1507144272327423,0.49022695422172546,0.7110228538513184,-0.12032712250947952,0.5153897404670715,0.5852702856063843,-0.1567218005657196,0.5160881280899048,0.509175181388855,-0.1558486521244049,0.5099199414253235,0.45716020464897156,-0.15572191774845123,0.45017746090888977,0.6892237663269043,-0.12914639711380005,0.4706118702888489,0.5909884572029114,-0.16575923562049866,0.4809551239013672,0.5279660224914551,-0.17494656145572662,0.4860288202762604,0.4802190661430359,-0.1797788441181183
come,0.4077589511871338,0.7252750992774963,-6.433208454836858e-07,0.46944570541381836,0.6900553107261658,-0.002631743671372533,0.5295912027359009,0.6683763265609741,-0.018394777551293373,0.5746250748634338,0.6566522121429443,-0.033194225281476974,0.6197500824928284,0.6502718329429626,-0.04924304783344269,0.5538322925567627,0.7444515228271484,-0.07282063364982605,0.5643486976623535,0.6110683083534241,-0.09741363674402237,0.5385794639587402,0.5617582201957703,-0.09418991953134537,0.5168470740318298,0.5489730834960938,-0.08949382603168488,0.5257186889648438,0.7471144795417786,-0.08625826239585876,0.5374729633331299,0.5992224216461182,-0.11241374909877777,0.5086771845817566,0.5523923635482788,-0.10110173374414444,0.48379141092300415,0.5383334755897522,-0.09400724619626999,0.489772766828537,0.731347382068634,-0.09795786440372467,0.5061213374137878,0.5941421985626221,-0.12544016540050507,0.4837336838245392,0.5470975637435913,-0.11074186861515045,0.4640445113182068,0.5331734418869019,-0.10077527165412903,0.4518725574016571,0.7093396782875061,-0.10854091495275497,0.46574658155441284,0.6109952330589294,-0.140038400888443,0.4591749310493469,0.5550792217254639,-0.14364072680473328,0.45190224051475525,0.5224381685256958,-0.14346115291118622
come,0.7455988526344299,0.8227736949920654,5.654876531480113e-07,0.6630483865737915,0.7534094452857971,-0.014870516955852509,0.6213105320930481,0.6253692507743835,-0.06150021031498909,0.6405046582221985,0.4996626377105713,-0.10776583850383759,0.6755024790763855,0.43629491329193115,-0.15462259948253632,0.54266357421875,0.6806261539459229,-0.12969622015953064,0.49459779262542725,0.523327112197876,-0.1955166757106781,0.48290592432022095,0.41939204931259155,-0.2331414818763733,0.48104792833328247,0.3269660770893097,-0.2562373876571655,0.6033134460449219,0.7016390562057495,-0.15675155818462372,0.647145688533783,0.47723573446273804,-0.2185395359992981,0.679158091545105,0.5227527022361755,-0.21430395543575287,0.6733092665672302,0.5773265361785889,-0.20911768078804016,0.6776233315467834,0.7093802690505981,-0.1814851462841034,0.7203922867774963,0.5005127191543579,-0.22606422007083893,0.7351903915405273,0.5584375262260437,-0.19415774941444397,0.7229791283607483,0.6177240610122681,-0.17089378833770752,0.7506488561630249,0.710128903388977,-0.20851807296276093,0.777758002281189,0.541701078414917,-0.22222000360488892,0.7837214469909668,0.5823205709457397,-0.18959514796733856,0.7740682363510132,0.6446430087089539,-0.1674259901046753
come,0.7439844608306885,0.8227086067199707,6.398648793037864e-07,0.6615096926689148,0.7600436806678772,-0.01221985463052988,0.6266597509384155,0.634009838104248,-0.06160600110888481,0.6415849924087524,0.5064168572425842,-0.10879776626825333,0.6731634140014648,0.44630271196365356,-0.1558130383491516,0.5484379529953003,0.6931948661804199,-0.14484372735023499,0.5337152481079102,0.508938193321228,-0.1968422383069992,0.5587931871414185,0.40826553106307983,-0.21521921455860138,0.5854659080505371,0.34045058488845825,-0.22494569420814514,0.6113347411155701,0.715052604675293,-0.16908711194992065,0.6553425192832947,0.484950453042984,-0.21481063961982727,0.6911488771438599,0.5169923901557922,-0.19552765786647797,0.6902318596839905,0.5725451707839966,-0.18382628262043,0.687438428401947,0.7223570942878723,-0.18867023289203644,0.7261621952056885,0.5157102942466736,-0.21758320927619934,0.7452300786972046,0.561079204082489,-0.177326962351799,0.7393406629562378,0.6227340698242188,-0.1533900499343872,0.759440541267395,0.7201770544052124,-0.20996369421482086,0.7870917320251465,0.5544652938842773,-0.21290722489356995,0.794870913028717,0.5847801566123962,-0.17685237526893616,0.7876836061477661,0.6428169012069702,-0.15561474859714508
come,0.7220861315727234,0.8053016662597656,4.98828910622251e-07,0.6367304921150208,0.7392375469207764,-0.010385571047663689,0.5844083428382874,0.6224028468132019,-0.056623801589012146,0.5889353156089783,0.4964885115623474,-0.10509134829044342,0.6135690808296204,0.42448678612709045,-0.1537923812866211,0.4975377321243286,0.689961850643158,-0.12054914981126785,0.42753589153289795,0.5560214519500732,-0.18771755695343018,0.41169703006744385,0.45405513048171997,-0.22631113231182098,0.41188567876815796,0.3656400740146637,-0.24907222390174866,0.5526766777038574,0.7077268958091736,-0.14999842643737793,0.5896254181861877,0.4860970079898834,-0.21156617999076843,0.6302816867828369,0.5138699412345886,-0.209049791097641,0.6285189390182495,0.5610225200653076,-0.20539550483226776,0.6258671283721924,0.7086922526359558,-0.1774708777666092,0.6675249338150024,0.49751466512680054,-0.22492147982120514,0.6904747486114502,0.5450270175933838,-0.1970352977514267,0.6798420548439026,0.601582944393158,-0.17647875845432281,0.7000113129615784,0.6987139582633972,-0.20659148693084717,0.7269939184188843,0.5260952115058899,-0.22300587594509125,0.7383037805557251,0.5644766092300415,-0.19239358603954315,0.7298322916030884,0.6292501091957092,-0.17136621475219727
come,0.7661817073822021,0.5522441864013672,8.469385761600279e-07,0.6585990190505981,0.5094864368438721,-0.0555046908557415,0.581244707107544,0.44298288226127625,-0.1268186867237091,0.5604846477508545,0.3504290282726288,-0.1898568570613861,0.5942714214324951,0.28794512152671814,-0.25004634261131287,0.6016157865524292,0.5684248805046082,-0.1970927119255066,0.563322126865387,0.43225911259651184,-0.2757195830345154,0.5553705096244812,0.38004007935523987,-0.3045189380645752,0.5773055553436279,0.3669808506965637,-0.3173346519470215,0.6760671138763428,0.5785773396492004,-0.20664575695991516,0.6535483598709106,0.31859147548675537,-0.27315542101860046,0.6595298051834106,0.32177725434303284,-0.25603148341178894,0.6632043123245239,0.37484121322631836,-0.24468564987182617,0.7505874633789062,0.5526080131530762,-0.21575278043746948,0.7305305004119873,0.29938021302223206,-0.2574031949043274,0.7264422178268433,0.33710381388664246,-0.2055104523897171,0.7286513447761536,0.4013058841228485,-0.17244812846183777,0.818267822265625,0.5119197368621826,-0.23337401449680328,0.800644040107727,0.3196362555027008,-0.26537567377090454,0.7870174646377563,0.3505750894546509,-0.2395220547914505,0.7836318016052246,0.4094623327255249,-0.21950985491275787
come,0.6767245531082153,0.6688067317008972,1.0020651188824559e-06,0.6007012724876404,0.5536752939224243,-0.10828382521867752,0.5830094218254089,0.43712911009788513,-0.23666198551654816,0.6146642565727234,0.2949906885623932,-0.3471851050853729,0.6485218405723572,0.20066875219345093,-0.4536667764186859,0.5766101479530334,0.6181627511978149,-0.3219887614250183,0.6172665953636169,0.4109985828399658,-0.432588666677475,0.6281518340110779,0.30023664236068726,-0.4690873622894287,0.6496261954307556,0.23135888576507568,-0.4825262725353241,0.664810836315155,0.6483126282691956,-0.3179662525653839,0.6959850192070007,0.4048827886581421,-0.39921683073043823,0.6855563521385193,0.43977952003479004,-0.36716267466545105,0.6627939939498901,0.5182432532310486,-0.34761741757392883,0.7434477806091309,0.644371509552002,-0.3143044114112854,0.7547516226768494,0.41695722937583923,-0.35180917382240295,0.7317686080932617,0.46479251980781555,-0.2689554989337921,0.7103525996208191,0.5323173999786377,-0.21928316354751587,0.8057780265808105,0.629821240901947,-0.3263248801231384,0.8209750652313232,0.4684491455554962,-0.3602626323699951,0.7907372713088989,0.4983437955379486,-0.32659685611724854,0.7587606906890869,0.5525938868522644,-0.30175331234931946
come,0.6810293793678284,0.6502777338027954,1.1803891766248853e-06,0.5850069522857666,0.5783863663673401,-0.08013205230236053,0.5322555899620056,0.4983730912208557,-0.17205122113227844,0.5318645238876343,0.4036618769168854,-0.2523808777332306,0.5657333135604858,0.38968175649642944,-0.3290573060512543,0.498477578163147,0.6479145884513855,-0.23044243454933167,0.4757637679576874,0.46961069107055664,-0.3345884680747986,0.4648018479347229,0.34821438789367676,-0.38183829188346863,0.4674292206764221,0.25254738330841064,-0.40304669737815857,0.5761634111404419,0.6778184175491333,-0.23256564140319824,0.5945730805397034,0.4421517848968506,-0.309752494096756,0.6178426742553711,0.4604743421077728,-0.2843399941921234,0.6104395389556885,0.5151222348213196,-0.26330941915512085,0.6556640863418579,0.6703441143035889,-0.23900315165519714,0.6628243923187256,0.43943148851394653,-0.29073530435562134,0.6641806364059448,0.4782750606536865,-0.22444143891334534,0.6555494070053101,0.5443825125694275,-0.17657390236854553,0.7248008251190186,0.6531795859336853,-0.2570788562297821,0.722235381603241,0.4789683520793915,-0.29293662309646606,0.7109586596488953,0.5030233263969421,-0.25847145915031433,0.7033655047416687,0.5607972145080566,-0.22811193764209747
come,0.6983842849731445,0.6523467898368835,3.693863277476339e-07,0.6003966927528381,0.5932364463806152,-0.10124906152486801,0.5237861275672913,0.573552668094635,-0.17983640730381012,0.46545565128326416,0.5708397626876831,-0.2382897585630417,0.3859403133392334,0.566184401512146,-0.29357579350471497,0.55048006772995,0.6604720950126648,-0.27273300290107727,0.5809339880943298,0.48176687955856323,-0.40216001868247986,0.611867368221283,0.35629355907440186,-0.46269524097442627,0.6337133049964905,0.2701718509197235,-0.4917251765727997,0.6345183849334717,0.6980939507484436,-0.2677464783191681,0.6605428457260132,0.5016420483589172,-0.39959821105003357,0.6652445793151855,0.36988550424575806,-0.4285399615764618,0.6747997403144836,0.2786824703216553,-0.4438997209072113,0.7070536613464355,0.7041025757789612,-0.2648487091064453,0.7353062629699707,0.5224907994270325,-0.38359370827674866,0.7239323258399963,0.3943995535373688,-0.3845471739768982,0.7108635902404785,0.30068016052246094,-0.3745008111000061,0.7655419707298279,0.6847964525222778,-0.26831722259521484,0.7897586226463318,0.5454931855201721,-0.35844695568084717,0.7782723307609558,0.4392074942588806,-0.37066152691841125,0.7620050311088562,0.3600900173187256,-0.37180137634277344
